Year,LandAverageTemperature,LandAverageTemperatureUncertainty,LandMaxTemperature,LandMaxTemperatureUncertainty,LandMinTemperature,LandMinTemperatureUncertainty,LandAndOceanAverageTemperature,LandAndOceanAverageTemperatureUncertainty,population,cement_co2,co2,co2_growth_abs,co2_growth_prct,co2_including_luc,consumption_co2,flaring_co2,gas_co2,land_use_change_co2,methane,nitrous_oxide,oil_co2,other_industry_co2,temperature_change_from_ch4,temperature_change_from_co2,temperature_change_from_ghg,temperature_change_from_n2o
1750,8.719363636363637,2.6378181818181816,,,,,,,745664133.0,,9.351,,,,,,,,,,,,,,,
1751,7.976142857142856,2.781142857142857,,,,,,,,,9.351,0.0,0.0,,,,,,,,,,,,,
1752,5.779833333333333,2.9770000000000003,,,,,,,,,9.354,0.004,0.039,,,,,,,,,,,,,
1753,8.388083333333332,3.176,,,,,,,,,9.354,0.0,0.0,,,,,,,,,,,,,
1754,8.469333333333333,3.49425,,,,,,,,,9.358,0.004,0.039,,,,,,,,,,,,,
1755,8.355583333333334,3.850333333333333,,,,,,,,,9.362,0.004,0.039,,,,,,,,,,,,,
1756,8.849583333333333,3.262333333333333,,,,,,,,,10.006,0.645,6.888,,,,,,,,,,,,,
1757,9.022,4.026,,,,,,,,,10.01,0.004,0.037,,,,,,,,,,,,,
1758,6.7435833333333335,3.362916666666667,,,,,,,,,10.014,0.004,0.037,,,,,,,,,,,,,
1759,7.985083333333333,3.6789166666666655,,,,,,,,,10.017,0.004,0.037,,,,,,,,,,,,,
1760,7.1851666666666665,3.0889166666666665,,,,,,,779891857.0,,10.017,0.0,0.0,,,,,,,,,,,,,
1761,8.772499999999999,3.144833333333333,,,,,,,,,10.974,0.956,9.546,,,,,,,,,,,,,
1762,8.6065,3.52425,,,,,,,,,10.977,0.004,0.033,,,,,,,,,,,,,
1763,7.49675,3.1515833333333334,,,,,,,,,10.981,0.004,0.033,,,,,,,,,,,,,
1764,8.400333333333334,2.77525,,,,,,,,,10.985,0.004,0.033,,,,,,,,,,,,,
1765,8.251916666666666,2.42775,,,,,,,,,10.988,0.004,0.033,,,,,,,,,,,,,
1766,8.405666666666667,2.835833333333333,,,,,,,,,12.26,1.271,11.571,,,,,,,,,,,,,
1767,8.2215,2.962666666666667,,,,,,,,,12.263,0.004,0.03,,,,,,,,,,,,,
1768,6.781333333333333,2.266,,,,,,,,,12.267,0.004,0.03,,,,,,,,,,,,,
1769,7.694583333333333,2.410083333333333,,,,,,,,,12.271,0.004,0.03,,,,,,,,,,,,,
1770,7.691916666666667,2.780666666666667,,,,,,,818827900.0,,12.274,0.004,0.03,,,,,,,,,,,,,
1771,7.853166666666667,2.6045833333333333,,,,,,,,,13.612,1.337,10.896,,,,,,,,,,,,,
1772,8.1935,2.463833333333333,,,,,,,,,13.615,0.004,0.027,,,,,,,,,,,,,
1773,8.2215,2.36075,,,,,,,,,13.619,0.004,0.027,,,,,,,,,,,,,
1774,8.772166666666667,3.4151666666666665,,,,,,,,,13.623,0.004,0.027,,,,,,,,,,,,,
1775,9.183083333333334,2.320583333333333,,,,,,,,,13.626,0.004,0.027,,,,,,,,,,,,,
1776,8.304,2.8641666666666663,,,,,,,,,15.037,1.411,10.352,,,,,,,,,,,,,
1777,8.25625,2.442833333333333,,,,,,,,,15.041,0.004,0.024,,,,,,,,,,,,,
1778,8.542250000000001,2.8725,,,,,,,,,15.044,0.004,0.024,,,,,,,,,,,,,
1779,8.98325,2.5058333333333334,,,,,,,,,15.048,0.004,0.024,,,,,,,,,,,,,
1780,9.432916666666666,2.584833333333333,,,,,,,891048681.0,,15.055,0.007,0.049,,,,,,,,,,,,,
1781,8.102583333333333,2.503833333333333,,,,,,,,,16.843,1.788,11.876,,,,,,,,,,,,,
1782,7.90125,2.550583333333333,,,,,,,,,16.847,0.004,0.022,,,,,,,,,,,,,
1783,7.680833333333333,2.4944166666666665,,,,,,,,,16.854,0.007,0.043,,,,,,,,,,,,,
1784,7.861999999999999,2.2556666666666665,,,,,,,,,16.858,0.004,0.022,,,,,,,,,,,,,
1785,7.362999999999999,2.2395,,,,,,,,,16.869,0.011,0.065,,,,,,,,,,,,,
1786,8.258166666666666,2.525416666666666,,,,,,,,,19.152,2.283,13.532,,,,,,,,,,,,,
1787,8.031833333333333,2.36175,,,,,,,,,19.159,0.007,0.038,,,,,,,,,,,,,
1788,8.447166666666666,2.5578333333333334,,,,,,,,,19.163,0.004,0.019,,,,,,,,,,,,,
1789,8.334166666666667,1.8686666666666667,,,,,,,,,19.17,0.007,0.038,,,,,,,,,,,,,
1790,7.982333333333333,1.7716666666666665,,,,,,,931577684.0,,19.177,0.007,0.038,,,,,,,,,,,,,
1791,8.234250000000001,1.7837500000000002,,,,,,,,,21.42,2.242,11.693,,,,,,,,,,,,,
1792,8.089,1.700416666666667,,,,,,,,,21.896,0.476,2.224,,,,,,,,,,,,,
1793,8.229166666666666,2.2744166666666668,,,,,,,,,21.914,0.018,0.084,,,,,,,,,,,,,
1794,8.526000000000002,1.979,,,,,,,,,21.881,-0.033,-0.15,,,,,,,,,,,,,
1795,8.350333333333333,2.043333333333333,,,,,,,,,21.892,0.011,0.05,,,,,,,,,,,,,
1796,8.270999999999999,1.9206666666666667,,,,,,,,,22.951,1.059,4.837,,,,,,,,,,,,,
1797,8.510583333333333,2.045666666666667,,,,,,,,,24.094,1.143,4.981,,,,,,,,,,,,,
1798,8.670250000000001,1.903333333333333,,,,,,,,,25.095,1.0,4.151,,,,,,,,,,,,,
1799,8.50575,1.7384166666666667,,,,,,,,,26.428,1.334,5.315,,,,,,,,,,,,,
1800,8.484250000000001,1.7186666666666668,,,,,,,985340629.0,,28.092,1.663,6.294,,,,,,,,,,,,,
1801,8.589666666666666,1.5816666666666668,,,,,,,987628322.0,,27.96,-0.132,-0.47,,,,,,,,,,,,,
1802,8.578166666666666,1.849,,,,,,,991098738.0,,36.783,8.823,31.555,,,,,,,,,,,,,
1803,8.503,1.6331666666666669,,,,,,,994610260.0,,31.488,-5.294,-14.394,,,,,,,,,,,,,
1804,8.844833333333332,1.8418333333333332,,,,,,,998163240.0,,34.31,2.821,8.96,,,,,,,,,,,,,
1805,8.56275,1.6889166666666666,,,,,,,1001758044.0,,33.419,-0.89,-2.595,,,,,,,,,,,,,
1806,8.434083333333334,1.5700833333333335,,,,,,,1005395067.0,,35.046,1.627,4.868,,,,,,,,,,,,,
1807,8.281416666666667,1.59225,,,,,,,1009074742.0,,36.874,1.828,5.217,,,,,,,,,,,,,
1808,7.626833333333333,1.9968333333333328,,,,,,,1012797513.0,,35.064,-1.81,-4.909,,,,,,,,,,,,,
1809,7.076416666666667,2.1354166666666665,,,,,,,1016563866.0,,35.09,0.026,0.073,,,,,,,,,,,,,
1810,6.922666666666667,2.311,,,,,,,1022629692.0,,37.38,2.29,6.526,,,,,,,,,,,,,
1811,6.859500000000001,2.09575,,,,,,,1027487469.0,,39.582,2.202,5.891,,,,,,,,,,,,,
1812,7.04625,2.1355833333333334,,,,,,,1033636618.0,,41.007,1.425,3.601,,,,,,,,,,,,,
1813,7.739916666666667,1.7088333333333334,,,,,,,1040443689.0,,41.22,0.213,0.518,,,,,,,,,,,,,
1814,7.59175,2.1685,,,,,,,1047427292.0,,42.129,0.909,2.204,,,,,,,,,,,,,
1815,7.239333333333334,1.9665,,,,,,,1054586106.0,,43.488,1.359,3.227,,,,,,,,,,,,,
1816,6.9375,2.192916666666666,,,,,,,1061924513.0,,47.665,4.177,9.605,,,,,,,,,,,,,
1817,6.975666666666666,1.7083333333333333,,,,,,,1069447070.0,,49.431,1.766,3.705,,,,,,,,,,,,,
1818,7.828916666666667,1.8290833333333327,,,,,,,1077158552.0,,49.644,0.213,0.43,,,,,,,,,,,,,
1819,7.369166666666666,1.5819166666666666,,,,,,,1084757875.0,,49.948,0.304,0.613,,,,,,,,,,,,,
1820,7.61625,1.61875,,,,,,,1093424863.0,,50.688,0.74,1.482,,,,,,,,,,,,,
1821,8.090083333333334,1.3758333333333337,,,,,,,1099331577.0,,51.435,0.747,1.475,,,,,,,,,,,,,
1822,8.188333333333334,1.37525,,,,,,,1106263783.0,,53.465,2.03,3.946,,,,,,,,,,,,,
1823,7.718666666666667,1.3622500000000002,,,,,,,1113514792.0,,56.55,3.085,5.77,,,,,,,,,,,,,
1824,8.547166666666667,1.4478333333333333,,,,,,,1120876169.0,,58.525,1.975,3.492,,,,,,,,,,,,,
1825,8.389333333333333,1.5078333333333334,,,,,,,1128342960.0,,60.756,2.231,3.813,,,,,,,,,,,,,
1826,8.356583333333333,1.559583333333333,,,,,,,1135961188.0,,61.42,0.663,1.092,,,,,,,,,,,,,
1827,8.80875,1.4435833333333334,,,,,,,1143684846.0,,65.915,4.496,7.32,,,,,,,,,,,,,
1828,8.165333333333333,1.6484166666666666,,,,,,,1151515422.0,,66.637,0.722,1.095,,,,,,,,,,,,,
1829,7.941833333333332,1.31975,,,,,,,1158898384.0,,66.395,-0.242,-0.363,,,,,,,,,,,,,
1830,8.51675,1.4314166666666666,,,,,,,1166619223.0,,89.123,22.728,34.231,,,,,,,,,,,,,
1831,7.639166666666667,1.5315,,,,,,,1172266726.0,,84.528,-4.595,-5.155,,,,,,,,,,,,,
1832,7.450166666666667,1.5404166666666663,,,,,,,1178216298.0,,85.111,0.583,0.689,,,,,,,,,,,,,
1833,8.013,1.2335,,,,,,,1183684120.0,,86.807,1.696,1.993,,,,,,,,,,,,,
1834,8.146749999999999,1.15225,,,,,,,1189202983.0,,88.486,1.678,1.933,,,,,,,,,,,,,
1835,7.392499999999999,1.2753333333333332,,,,,,,1194812021.0,,90.446,1.96,2.215,,,,,,,,,,,,,
1836,7.695833333333334,1.1694166666666663,,,,,,,1200422586.0,,104.776,14.33,15.844,,,,,,,,,,,,,
1837,7.375666666666667,1.2909166666666667,,,,,,,1206132721.0,,104.691,-0.084,-0.08,,,,,,,,,,,,,
1838,7.514916666666667,1.1623333333333334,,,,,,,1211908617.0,,108.044,3.353,3.202,,,,,,,,,,,,,
1839,7.63225,1.1794166666666668,,,,,,,1217625799.0,,111.613,3.569,3.303,,,,,,,,,,,,,
1840,7.796250000000001,0.9911666666666666,,,,,,,1224117982.0,,118.93,7.317,6.556,,,,,,,,,,,,,
1841,7.688166666666667,0.952,,,,,,,1228828189.0,,122.619,3.69,3.102,,,,,,,,,,,,,
1842,8.02275,0.8975,,,,,,,1234333753.0,,129.504,6.885,5.615,,,,,,,,,,,,,
1843,8.173666666666668,0.7498333333333332,,,,,,,1239880237.0,,132.853,3.349,2.586,,,,,,,,,,,,,
1844,7.646333333333334,0.926,,,,,,,1245319917.0,,141.423,8.57,6.451,,,,,,,,,,,,,
1845,7.851166666666667,0.8815000000000001,,,,,,,1250936428.0,,155.211,13.788,9.749,,,,,,,,,,,,,
1846,8.55275,1.05175,,,,,,,1256637463.0,,157.794,2.583,1.664,,,,,,,,,,,,,
1847,8.086,0.9006666666666666,,,,,,,1262424720.0,,172.402,14.608,9.258,,,,,,,,,,,,,
1848,7.979499999999999,0.8713333333333333,,,,,,,1268300005.0,,173.816,1.414,0.82,,,,,,,,,,,,,
1849,7.984416666666667,0.9135833333333334,,,,,,,1273394934.0,,183.511,9.695,5.578,,,,,,,,,,,,,
1850,7.900666666666667,0.8764166666666666,13.476666666666668,2.394833333333333,1.964333333333333,1.5711666666666666,14.867166666666668,0.3081666666666666,1278810377.0,,196.896,13.385,7.294,2621.609,,,,2424.713,,,,,,,,
1851,8.178583333333334,0.8819166666666667,13.081,2.39725,2.2039166666666667,1.6324166666666666,14.991833333333334,0.3120833333333333,1280744899.0,,198.805,1.909,0.97,2711.942,,,,2513.137,,,,,0.0,0.001,0.002,0.0
1852,8.100166666666667,0.91825,13.397333333333334,2.61925,2.337,1.3829166666666666,15.0065,0.3164166666666667,1282983708.0,,207.551,8.746,4.399,2758.55,,,,2550.999,,,,,0.001,0.002,0.003,0.0
1853,8.041833333333333,0.835,13.886583333333334,2.0950833333333336,1.8925,1.3555833333333334,14.955166666666669,0.2838333333333333,1284472373.0,,217.209,9.658,4.653,2825.733,,,,2608.524,,,,,0.001,0.004,0.005,0.0
1854,8.2105,0.8256666666666667,13.977416666666668,1.7833333333333332,1.7621666666666664,1.357,14.991,0.2764166666666667,1286078878.0,,255.139,37.93,17.462,2886.013,,,,2630.874,,,,,0.002,0.005,0.007,0.0
1855,8.11075,0.8871666666666668,13.493166666666667,1.3314166666666667,1.7028333333333332,1.655333333333333,15.021083333333335,0.2911666666666667,1287785678.0,,260.166,5.027,1.97,2903.986,,,,2643.82,,,0.037,,0.002,0.006,0.009,0.0
1856,7.995916666666666,0.7607499999999999,13.47025,1.79825,1.5250833333333336,1.7785,14.879333333333332,0.2601666666666666,1289613085.0,,277.292,17.126,6.583,2953.355,,,,2676.063,,,0.04,,0.003,0.008,0.011,0.0
1857,7.758166666666667,0.7510833333333333,13.437583333333334,2.1791666666666667,1.856833333333333,1.5911666666666668,14.75825,0.25975,1291556308.0,,279.889,2.598,0.937,2979.769,,,,2699.879,,,0.051,,0.003,0.009,0.013,0.0
1858,8.10025,0.69975,13.683,1.87,2.11075,1.2243333333333333,14.8815,0.2518333333333333,1293616943.0,,284.171,4.282,1.53,3015.439,,,,2731.268,,,0.062,,0.004,0.01,0.015,0.001
1859,8.252,0.6746666666666666,13.860333333333337,1.87475,2.4601666666666664,1.143,14.929916666666664,0.25825,1296053087.0,,301.312,17.14,6.032,3062.136,,,,2760.824,,,0.055,,0.004,0.012,0.016,0.001
1860,7.960833333333333,0.626,13.96025,1.9348333333333332,2.3441666666666667,1.0843333333333334,14.882916666666668,0.2521666666666666,1300098076.0,,330.641,29.33,9.734,2980.446,,,,2649.805,,,0.273,,0.005,0.013,0.018,0.001
1861,7.8465,0.6534166666666666,13.85675,1.7413333333333334,2.26275,1.1636666666666666,14.800666666666666,0.2785,1302046862.0,,347.735,17.093,5.17,2872.475,,,,2524.74,,,0.941,,0.005,0.014,0.02,0.001
1862,7.558583333333334,0.6889166666666666,14.24725,2.0086666666666666,2.48275,1.4443333333333337,14.740083333333333,0.2876666666666667,1305560612.0,,354.057,6.322,1.818,2858.767,,,,2504.71,,,1.399,,0.005,0.016,0.022,0.001
1863,8.111833333333333,0.7480000000000001,13.619916666666668,1.8411666666666668,2.7670833333333333,1.34525,14.93575,0.3163333333333333,1309444051.0,,377.859,23.802,6.723,2882.692,,,,2504.833,,,1.293,,0.006,0.017,0.024,0.001
1864,7.983583333333333,0.6764166666666668,13.918916666666668,1.3424166666666668,2.4101666666666666,1.325416666666667,14.8965,0.2878333333333333,1313410603.0,,407.09,29.231,7.736,2879.191,,,,2472.101,,,1.11,,0.006,0.018,0.026,0.001
1865,8.177833333333334,0.6621666666666667,14.298083333333333,1.441,2.551833333333333,1.2215833333333332,14.996666666666668,0.3042499999999999,1317453657.0,,432.307,25.217,6.194,2875.462,,,,2443.155,,,1.32,,0.007,0.02,0.028,0.001
1866,8.292166666666667,0.606,14.165916666666668,1.1125,2.43225,1.1496666666666666,15.057,0.2860833333333333,1321572626.0,,445.97,13.663,3.16,2878.866,,,,2432.896,,,1.952,,0.007,0.021,0.029,0.001
1867,8.436333333333334,0.6348333333333334,14.14675,1.1529166666666666,2.4636666666666667,1.1185,15.058666666666667,0.28575,1325775239.0,,477.815,31.845,7.141,2912.054,,,,2434.24,,,1.985,,0.008,0.022,0.031,0.001
1868,8.247916666666667,0.5463333333333333,14.097916666666668,1.1845,2.369666666666667,1.0447499999999998,15.096916666666669,0.2493333333333333,1330060419.0,,490.753,12.938,2.708,2909.115,,,,2418.362,,,2.289,,0.008,0.023,0.033,0.001
1869,8.432083333333333,0.5956666666666667,14.0695,1.2373333333333332,2.165083333333333,1.2519166666666666,15.0655,0.2435833333333333,1334928493.0,,521.131,30.378,6.19,2915.677,,,,2394.546,,,2.614,,0.009,0.025,0.035,0.001
1870,8.201333333333332,0.5501666666666667,14.210083333333335,1.500916666666667,2.424833333333333,1.2339166666666666,15.004333333333332,0.2248333333333333,1341697614.0,,532.537,11.406,2.189,3105.52,,,,2572.983,,,3.133,,0.009,0.026,0.037,0.001
1871,8.115083333333333,0.57025,13.983833333333337,1.1195,2.158,1.115,15.005916666666666,0.2319999999999999,1346406314.0,,566.143,33.606,6.311,3250.756,,,,2684.613,,,3.282,,0.01,0.028,0.039,0.002
1872,8.193833333333332,0.5890833333333333,14.285083333333333,0.9935,2.187416666666666,1.115916666666667,15.019333333333334,0.2305,1353032986.0,,626.372,60.229,10.638,3366.922,,,,2740.55,,,3.698,,0.01,0.029,0.041,0.002
1873,8.351083333333333,0.5505,14.010166666666668,0.9541666666666666,1.904083333333333,1.0369166666666667,15.04925,0.2220833333333333,1360261504.0,,665.419,39.047,6.234,3477.05,,,,2811.631,,,5.67,,0.011,0.031,0.043,0.002
1874,8.4335,0.5179166666666667,13.8835,1.008916666666667,2.0616666666666665,1.02025,14.957,0.2133333333333333,1367561973.0,,622.997,-42.422,-6.375,3485.68,,,,2862.683,,,6.243,,0.012,0.032,0.046,0.002
1875,7.859583333333333,0.4515,14.008416666666667,0.9113333333333332,1.6141666666666663,0.9463333333333334,14.921916666666666,0.1970833333333333,1374962430.0,,675.799,52.802,8.475,3566.329,,,,2890.53,,,5.835,,0.012,0.034,0.048,0.002
1876,8.080083333333333,0.4335,13.934833333333335,0.805,2.1346666666666665,0.8708333333333332,14.909416666666669,0.1933333333333333,1382443050.0,,685.553,9.754,1.443,3615.409,,,,2929.856,,,6.536,,0.013,0.035,0.05,0.002
1877,8.539583333333333,0.4559166666666667,14.430333333333332,0.8361666666666667,2.6485833333333333,0.846,15.282666666666666,0.19675,1389974777.0,,699.099,13.546,1.976,3674.999,,,,2975.901,,,8.824,,0.013,0.037,0.052,0.002
1878,8.829749999999999,0.4249166666666666,14.742166666666668,0.75825,2.981666666666667,0.8750833333333333,15.357416666666666,0.18625,1397574403.0,,704.379,5.281,0.755,3730.599,,,,3026.22,,,10.041,,0.014,0.039,0.055,0.002
1879,8.165833333333333,0.4634166666666666,14.06575,0.7595,2.0789166666666667,0.7324166666666666,15.064416666666666,0.1834166666666666,1405702618.0,,754.867,50.488,7.168,3819.925,,,,3065.058,,,12.66,,0.014,0.041,0.057,0.002
1880,8.11875,0.4149166666666666,13.913416666666668,0.6961666666666666,2.054416666666667,0.7378333333333332,15.008666666666668,0.1729166666666666,1415841209.0,0.0,853.705,98.837,13.093,3954.426,,,,3100.721,,,15.364,,0.015,0.042,0.06,0.002
1881,8.270916666666666,0.4193333333333333,14.050416666666663,0.7109166666666668,2.4264166666666664,0.6388333333333334,15.087166666666668,0.1700833333333333,1423704727.0,0.0,882.405,28.7,3.362,3979.34,,,,3096.935,,,17.242,,0.016,0.044,0.062,0.003
1882,8.128916666666667,0.3799166666666667,14.11425,0.66925,2.272583333333333,0.6423333333333333,15.056583333333334,0.1600833333333333,1433553127.0,0.0,931.922,49.517,5.612,4091.756,,,0.165,3159.833,,,18.939,,0.016,0.046,0.065,0.003
1883,7.976916666666667,0.3706666666666667,13.96225,0.62825,1.8801666666666663,0.5594166666666667,14.96325,0.1511666666666666,1444009167.0,0.0,991.032,59.11,6.343,4211.566,,,0.381,3220.534,,,16.502,,0.017,0.048,0.068,0.003
1884,7.773666666666666,0.39625,13.692083333333334,0.6061666666666666,1.64775,0.5691666666666667,14.83325,0.1506666666666666,1454595037.0,0.0,1002.174,11.142,1.124,4242.372,,,1.172,3240.197,,,18.323,,0.018,0.05,0.07,0.003
1885,7.919666666666667,0.425,13.911583333333333,0.588,1.87425,0.5851666666666667,14.854416666666664,0.1549166666666666,1465369425.0,0.0,1009.671,7.497,0.748,4253.533,,,3.715,3243.862,,,18.959,,0.018,0.052,0.073,0.003
1886,7.9545,0.3859999999999999,13.9465,0.65125,1.971166666666667,0.5730833333333333,14.83525,0.1453333333333333,1476245076.0,0.0,1025.475,15.804,1.565,4297.549,,,7.676,3272.074,,,21.824,,0.019,0.054,0.076,0.003
1887,7.914916666666667,0.3920833333333333,13.890083333333337,0.5888333333333333,1.9069166666666664,0.5555833333333333,14.816,0.1501666666666666,1487277339.0,0.001,1076.758,51.282,5.001,4402.57,,,11.787,3325.813,,,23.482,,0.02,0.056,0.079,0.003
1888,8.0905,0.3824166666666667,13.909166666666666,0.5886666666666667,1.9540833333333327,0.5604166666666667,14.994083333333334,0.14925,1498437207.0,0.001,1192.272,115.514,10.728,4516.375,,,16.774,3324.103,,,24.581,,0.021,0.058,0.082,0.003
1889,8.319,0.3698333333333334,14.294083333333331,0.54675,2.3480833333333333,0.55075,15.113416666666666,0.1524166666666666,1509373834.0,0.001,1191.8,-0.472,-0.04,4537.52,,,12.227,3345.72,,,28.407,,0.021,0.06,0.085,0.004
1890,7.971666666666667,0.3429999999999999,13.928916666666666,0.58175,1.8507500000000003,0.50825,14.84075,0.1496666666666666,1521669265.0,0.001,1298.458,106.659,8.949,4765.091,,,11.688,3466.632,,,34.651,,0.022,0.062,0.088,0.004
1891,8.019333333333334,0.3353333333333333,14.033333333333331,0.4699166666666667,1.9055,0.4410833333333333,14.943833333333332,0.1535833333333333,1530611585.0,0.001,1358.874,60.416,4.653,4922.724,,,8.947,3563.851,,,40.832,,0.023,0.064,0.091,0.004
1892,8.065833333333332,0.3388333333333333,13.970583333333336,0.5106666666666667,1.981666666666667,0.40925,14.8825,0.156,1540822549.0,0.001,1370.088,11.214,0.825,4969.235,,,7.775,3599.147,,,40.207,,0.024,0.066,0.094,0.004
1893,8.05675,0.34525,13.936666666666667,0.4659166666666667,1.907166666666667,0.36775,14.91225,0.15425,1550822689.0,0.001,1353.669,-16.42,-1.198,5021.088,,,7.288,3667.42,,,42.547,,0.025,0.068,0.097,0.004
1894,8.161,0.31725,14.0405,0.4252499999999999,2.12375,0.4171666666666667,14.91475,0.1503333333333333,1560960959.0,0.001,1400.858,47.189,3.486,5103.696,,,6.698,3702.838,,,41.702,,0.026,0.071,0.1,0.004
1895,8.147,0.29925,14.077666666666667,0.4630833333333333,2.075833333333333,0.4139166666666667,14.969,0.1468333333333333,1571250732.0,0.001,1485.273,84.415,6.026,5228.659,,,7.042,3743.387,,,48.539,,0.026,0.073,0.104,0.004
1896,8.214916666666667,0.3088333333333333,14.107916666666666,0.4748333333333333,2.11475,0.3995,15.090583333333331,0.148,1581628826.0,0.001,1533.701,48.429,3.261,5310.308,,,6.848,3776.607,,,52.571,,0.027,0.076,0.107,0.004
1897,8.293333333333333,0.3138333333333333,14.186750000000002,0.4913333333333333,2.294083333333333,0.37975,15.075333333333331,0.1493333333333333,1592152786.0,0.001,1606.301,72.599,4.734,5421.135,,,7.288,3814.835,,,55.531,,0.028,0.078,0.111,0.005
1898,8.177999999999999,0.3256666666666667,14.231833333333334,0.45825,2.153,0.3881666666666667,14.886916666666666,0.1485,1602801870.0,0.001,1694.266,87.965,5.476,5540.245,,,8.46,3845.979,,,57.173,,0.029,0.08,0.114,0.005
1899,8.396333333333333,0.32475,14.331583333333334,0.4256666666666666,2.430083333333333,0.3808333333333333,15.048333333333334,0.1475,1614109121.0,0.001,1850.798,156.532,9.239,5738.546,,,10.904,3887.748,,,60.032,,0.03,0.083,0.118,0.005
1900,8.501583333333334,0.31475,14.3895,0.3875833333333334,2.5756666666666663,0.40625,15.143916666666668,0.15025,1627883132.0,0.001,1952.209,101.411,5.479,5955.007,,,11.542,4002.798,,,67.31,,0.031,0.086,0.122,0.005
1901,8.541916666666667,0.3062499999999999,14.512166666666667,0.4481666666666666,2.4905,0.3975,15.073333333333332,0.14575,1638647517.0,0.002,2016.744,64.535,3.306,6068.762,,,12.861,4052.018,,,74.75,,0.032,0.088,0.126,0.005
1902,8.304416666666667,0.29275,14.36425,0.3943333333333333,2.20375,0.3561666666666667,14.958333333333334,0.1354999999999999,1651840077.0,0.002,2067.684,50.94,2.526,6184.921,,,13.696,4117.237,,,80.808,,0.033,0.091,0.129,0.005
1903,8.220166666666666,0.29,14.08575,0.38975,2.2833333333333337,0.37825,14.836583333333332,0.1348333333333333,1665703540.0,0.003,2254.095,186.411,9.015,6384.033,,,14.528,4129.938,,,85.562,,0.034,0.094,0.133,0.005
1904,8.090916666666667,0.2864166666666666,14.063666666666668,0.5,2.1710833333333333,0.33775,14.810416666666669,0.1330833333333333,1679752718.0,0.003,2279.749,25.654,1.138,6472.708,,,15.165,4192.959,,,96.083,1.834,0.035,0.097,0.137,0.006
1905,8.225166666666667,0.27875,14.082166666666666,0.3695,2.34325,0.3775833333333334,14.954666666666666,0.129,1693984163.0,0.004,2427.313,147.564,6.473,6655.936,,,17.17,4228.622,,,97.017,1.98,0.036,0.1,0.142,0.006
1906,8.379083333333332,0.2749166666666666,14.244,0.3839999999999999,2.4864166666666665,0.3421666666666667,15.031916666666667,0.1285833333333333,1708411294.0,0.004,2534.734,107.421,4.426,6778.501,,,19.027,4243.767,,,97.893,2.127,0.037,0.103,0.146,0.006
1907,7.947166666666667,0.2571666666666667,13.807833333333331,0.3654166666666666,2.0031666666666665,0.3146666666666666,14.874833333333331,0.1258333333333333,1723032738.0,0.005,2888.308,353.574,13.949,7169.814,,,19.877,4281.506,,,119.416,2.054,0.038,0.106,0.151,0.006
1908,8.186083333333334,0.27475,14.03875,0.352,2.17475,0.3695,14.838166666666666,0.1250833333333333,1737874788.0,0.115,2776.404,-111.904,-3.874,7090.032,,,19.676,4313.627,,,128.759,1.834,0.039,0.109,0.155,0.006
1909,8.17825,0.26275,14.026583333333337,0.3674166666666666,2.157583333333333,0.3783333333333333,14.790333333333336,0.1195,1752122665.0,0.116,2890.468,114.064,4.108,7229.621,,,23.523,4339.153,,,134.349,2.347,0.04,0.113,0.16,0.006
1910,8.223,0.2600833333333333,14.097333333333331,0.33025,2.1576666666666666,0.42475,14.819083333333332,0.1175833333333333,1767847653.0,0.135,3033.82,143.352,4.959,7353.065,,,24.915,4319.245,,,143.839,2.347,0.042,0.116,0.164,0.006
1911,8.177,0.2478333333333333,13.987833333333334,0.33775,2.2501666666666664,0.3102499999999999,14.776000000000002,0.1151666666666666,1778784032.0,0.148,3079.215,45.395,1.496,7390.278,,,25.718,4311.062,,,152.546,2.274,0.043,0.119,0.169,0.007
1912,8.165416666666667,0.2584166666666667,14.053333333333336,0.3309166666666667,2.201,0.34975,14.877166666666668,0.1169166666666666,1791197929.0,0.177,3235.538,156.324,5.077,7483.335,,,28.315,4247.797,,,156.759,2.347,0.044,0.123,0.173,0.007
1913,8.29775,0.26225,14.20175,0.3455,2.3190833333333334,0.3521666666666667,14.90875,0.1170833333333333,1803056235.0,0.203,3505.865,270.327,8.355,7739.617,,,29.598,4233.752,,,181.575,2.421,0.045,0.126,0.178,0.007
1914,8.5905,0.2519166666666667,14.3145,0.3166666666666666,2.6870833333333333,0.3039166666666666,15.07625,0.12525,1815104863.0,0.147,3179.912,-325.953,-9.297,7407.436,,,30.136,4227.523,,,185.583,2.274,0.046,0.13,0.183,0.007
1915,8.593166666666667,0.2461666666666666,14.474166666666669,0.399,2.6437500000000003,0.3454166666666666,15.14375,0.13425,1827290389.0,0.16,3134.378,-45.534,-1.432,7317.689,,,31.866,4183.311,,,197.104,2.421,0.048,0.133,0.188,0.007
1916,8.22525,0.2604166666666667,14.097166666666666,0.3239166666666667,2.2625,0.3268333333333333,14.901333333333334,0.1348333333333333,1839559287.0,0.181,3385.277,250.899,8.005,7514.849,,,38.377,4129.572,,,214.632,2.714,0.049,0.136,0.192,0.008
1917,8.023333333333333,0.2606666666666666,13.925916666666666,0.3195,2.0195833333333337,0.31375,14.80975,0.1404999999999999,1851899055.0,0.148,3539.853,154.575,4.566,7669.791,,,40.509,4129.938,,,238.808,2.494,0.05,0.14,0.197,0.008
1918,8.130833333333333,0.26825,13.961083333333336,0.2864166666666667,2.185666666666666,0.371,14.959833333333334,0.1481666666666666,1864869126.0,0.12,3492.84,-47.013,-1.328,7642.687,,,36.519,4149.846,,,244.605,2.127,0.051,0.143,0.202,0.008
1919,8.38225,0.26675,14.156333333333334,0.34125,2.451083333333333,0.3393333333333333,15.006750000000002,0.1428333333333333,1878650358.0,0.125,3028.56,-464.28,-13.292,7150.804,,,37.948,4122.244,,,272.966,2.201,0.052,0.146,0.207,0.008
1920,8.358749999999999,0.2626666666666666,14.142666666666663,0.35325,2.44575,0.327,15.02625,0.1355833333333333,1895682150.0,0.149,3521.062,492.503,16.262,7778.264,,,41.685,4257.202,,,350.954,2.347,0.053,0.15,0.211,0.008
1921,8.571,0.2568333333333333,14.424416666666668,0.28975,2.6770833333333326,0.3153333333333333,15.102083333333336,0.1291666666666666,1908748639.0,0.13,3089.464,-431.598,-12.258,7456.097,,,34.992,4366.633,,,384.258,1.687,0.054,0.153,0.216,0.008
1922,8.408,0.2585833333333333,14.20525,0.3156666666666667,2.433333333333333,0.31325,15.012333333333332,0.1240833333333333,1924826120.0,0.193,3239.736,150.271,4.864,7662.062,,,40.107,4422.326,,,426.345,2.421,0.055,0.157,0.221,0.009
1923,8.422166666666667,0.2530833333333333,14.18175,0.28475,2.45625,0.2898333333333333,15.027833333333334,0.1226666666666666,1941636900.0,0.208,3675.398,435.662,13.447,8109.083,,,52.526,4433.685,,,473.527,2.714,0.057,0.16,0.226,0.009
1924,8.506833333333335,0.2568333333333333,14.223833333333332,0.27925,2.5061666666666667,0.29425,15.039333333333332,0.1245,1958716901.0,0.216,3686.099,10.701,0.291,8149.706,,,59.709,4463.607,,,470.812,2.714,0.058,0.164,0.231,0.009
1925,8.534416666666667,0.24075,14.344333333333331,0.2554166666666667,2.5415,0.2905833333333333,15.090333333333334,0.1239166666666666,1976068839.0,14.429,3725.637,39.537,1.073,8245.303,,,63.922,4519.666,,,492.787,3.081,0.059,0.168,0.236,0.009
1926,8.728833333333332,0.2426666666666666,14.45225,0.256,2.7685833333333334,0.28175,15.241083333333334,0.1224166666666666,1993719848.0,14.74,3659.297,-66.34,-1.781,8166.384,,,69.144,4507.086,,,490.648,3.007,0.06,0.171,0.241,0.009
1927,8.522083333333333,0.2489166666666666,14.297833333333331,0.24875,2.53525,0.29525,15.12225,0.1216666666666666,2011689749.0,15.448,3993.754,334.457,9.14,8513.298,,,76.017,4519.544,,,537.816,2.934,0.061,0.175,0.246,0.01
1928,8.632166666666667,0.2485833333333333,14.362166666666669,0.2478333333333333,2.66825,0.2794166666666666,15.13225,0.1233333333333333,2029682397.0,35.616,3976.071,-17.683,-0.443,8513.08,,,82.623,4537.009,,,549.539,2.934,0.063,0.179,0.251,0.01
1929,8.242416666666667,0.25175,13.956416666666668,0.24575,2.3010833333333336,0.2755,14.967416666666669,0.1246666666666666,2048513689.0,36.873,4267.657,291.586,7.334,8810.772,,,102.894,4543.116,,,602.778,2.861,0.064,0.183,0.257,0.01
1930,8.633583333333332,0.2396666666666666,14.32625,0.2435833333333333,2.74,0.2693333333333333,15.1725,0.1289166666666666,2070596353.0,35.561,3934.73,-332.927,-7.801,8501.173,,,104.224,4566.443,,,578.598,2.274,0.065,0.187,0.262,0.01
1931,8.71925,0.23775,14.41975,0.2285,2.818583333333333,0.2738333333333333,15.22825,0.1290833333333333,2088429965.0,30.931,3516.94,-417.789,-10.618,8144.817,,,92.887,4627.876,,,560.749,1.834,0.066,0.19,0.267,0.011
1932,8.70525,0.2489166666666666,14.432083333333331,0.2240833333333333,2.7625,0.2729166666666667,15.188,0.1294166666666666,2109357892.0,24.721,3170.801,-346.14,-9.842,7851.927,,,88.218,4681.126,,,536.592,1.32,0.067,0.194,0.272,0.011
1933,8.33825,0.2426666666666666,14.078333333333331,0.2409166666666666,2.4244166666666667,0.28125,15.012916666666667,0.1270833333333333,2131029147.0,23.866,3338.349,167.549,5.284,8045.979,,,90.917,4707.629,,,586.389,1.54,0.069,0.198,0.277,0.011
1934,8.628333333333334,0.2400833333333333,14.384250000000002,0.2340833333333333,2.7665833333333336,0.2758333333333333,15.1445,0.1244166666666666,2152969392.0,28.542,3630.765,292.416,8.759,8372.714,,,101.949,4741.948,,,620.413,1.614,0.07,0.201,0.282,0.011
1935,8.51575,0.2359166666666666,14.286916666666668,0.2330833333333333,2.58775,0.2635,15.118833333333331,0.1223333333333333,2175184808.0,32.09,3811.112,180.347,4.967,8553.061,,,111.372,4741.948,,,668.785,1.98,0.071,0.205,0.288,0.011
1936,8.554,0.2430833333333333,14.314583333333331,0.2390833333333333,2.6394166666666665,0.2559166666666667,15.166166666666667,0.1203333333333333,2197830032.0,38.763,4181.088,369.976,9.708,8954.548,,,125.529,4773.459,,,729.131,2.494,0.073,0.209,0.294,0.012
1937,8.698333333333332,0.2400833333333333,14.476333333333336,0.2455833333333333,2.75,0.2565,15.3005,0.12,2220878589.0,40.829,4469.369,288.281,6.895,9247.226,,,140.574,4777.856,,,821.516,2.714,0.074,0.213,0.299,0.012
1938,8.863666666666667,0.2405,14.649916666666668,0.2342499999999999,3.033,0.26875,15.293083333333334,0.1185833333333333,2244005191.0,38.551,4201.28,-268.09,-5.998,9007.471,,,135.493,4806.191,,,796.989,2.201,0.076,0.217,0.305,0.012
1939,8.760333333333334,0.2373333333333333,14.594666666666669,0.2393333333333333,2.8806666666666665,0.2605,15.302333333333332,0.1205833333333333,2266483407.0,35.687,4445.443,244.163,5.812,9258.474,,,141.328,4813.03,,,830.241,2.861,0.078,0.222,0.311,0.012
1940,8.764666666666667,0.2310833333333333,14.579083333333337,0.2349166666666666,2.890333333333333,0.2541666666666666,15.372083333333334,0.1228333333333333,2290871362.0,31.431,4854.658,409.214,9.205,9872.751,,,153.515,5018.093,,,872.467,3.227,0.079,0.226,0.318,0.012
1941,8.768666666666666,0.2278333333333333,14.536166666666666,0.2300833333333333,2.9148333333333336,0.2639166666666666,15.384666666666668,0.1159166666666666,2307736768.0,43.293,4965.649,110.991,2.286,10134.819,,,153.463,5169.171,,,880.697,4.034,0.081,0.231,0.325,0.013
1942,8.728416666666666,0.2295,14.53425,0.2386666666666666,2.920083333333334,0.27825,15.325333333333331,0.1330833333333333,2326734579.0,38.376,4953.624,-12.025,-0.242,10155.039,,,166.049,5201.415,,,835.716,4.034,0.083,0.235,0.331,0.013
1943,8.755083333333333,0.2265833333333333,14.603000000000002,0.2259166666666666,2.936583333333333,0.2451666666666666,15.345,0.1336666666666666,2344581440.0,34.81,5035.077,81.454,1.644,10251.881,,,182.9,5216.803,,,888.001,4.328,0.085,0.24,0.338,0.013
1944,8.845,0.2251666666666666,14.727166666666667,0.2270833333333333,3.0596666666666668,0.2458333333333333,15.449083333333334,0.12775,2362439908.0,22.664,5110.656,75.579,1.501,10325.627,,,197.601,5214.971,,,1018.141,4.328,0.087,0.244,0.345,0.014
1945,8.584833333333334,0.2203333333333333,14.43875,0.2148333333333333,2.772333333333333,0.2606666666666666,15.33075,0.1303333333333333,2380167769.0,22.991,4250.264,-860.392,-16.835,9433.602,,,216.697,5183.338,,,1008.345,3.961,0.089,0.249,0.352,0.014
1946,8.676916666666667,0.2224166666666666,14.481500000000002,0.2148333333333333,2.830583333333333,0.2545833333333333,15.262750000000002,0.1324166666666666,2397811266.0,36.33,4638.339,388.075,9.131,9805.435,,,223.834,5167.095,,,1139.899,3.961,0.091,0.253,0.358,0.014
1947,8.797083333333333,0.2170833333333333,14.5625,0.2176666666666666,2.964583333333333,0.2480833333333333,15.310166666666667,0.12875,2416694412.0,43.192,5138.49,500.151,10.783,10252.945,,,247.888,5114.456,,,1221.313,4.548,0.093,0.258,0.366,0.015
1948,8.74675,0.2095833333333333,14.615583333333332,0.2332499999999999,2.9154166666666668,0.2375833333333333,15.261166666666666,0.1285,2437259361.0,51.684,5415.709,277.22,5.395,10478.015,,,280.122,5062.304,,,1339.607,4.841,0.095,0.262,0.373,0.015
1949,8.58675,0.2082499999999999,14.414666666666667,0.2206666666666666,2.8021666666666665,0.2421666666666666,15.22275,0.1074166666666666,2463242071.0,58.264,5245.849,-169.861,-3.136,10247.086,,,300.454,5001.237,,,1336.641,4.181,0.098,0.267,0.38,0.016
1950,8.365250000000001,0.1863333333333333,14.17375,0.2151666666666666,2.578583333333333,0.23275,15.1395,0.1023333333333333,2499322112.0,66.979,6003.272,757.423,14.439,11428.435,,73.624,353.156,5425.163,,,1648.31,4.988,0.1,0.272,0.388,0.016
1951,8.625666666666667,0.1841666666666666,14.430166666666668,0.2021666666666667,2.735666666666667,0.20675,15.311166666666669,0.0989166666666666,2543130368.0,75.839,6379.796,376.524,6.272,11978.877,,79.875,416.186,5599.081,,,1742.354,5.501,0.103,0.278,0.397,0.017
1952,8.638250000000001,0.20875,14.462583333333331,0.21225,2.8201666666666667,0.2224166666666666,15.363083333333334,0.1016666666666666,2590270976.0,80.841,6465.727,85.93,1.347,12190.116,,85.364,447.085,5724.389,,,1838.024,5.355,0.105,0.283,0.406,0.017
1953,8.87375,0.2120833333333333,14.63925,0.2024166666666666,3.107666666666667,0.2255,15.421083333333334,0.10225,2640278784.0,89.628,6647.763,182.036,2.815,12479.874,,81.348,474.527,5832.111,,,1952.1,6.455,0.108,0.289,0.415,0.018
1954,8.560666666666666,0.1871666666666666,14.286583333333333,0.1913333333333333,2.865833333333333,0.19175,15.230583333333334,0.0953333333333333,2691979264.0,97.231,6789.969,142.206,2.139,12793.677,,77.612,501.35,6003.708,,,2068.543,5.721,0.112,0.294,0.424,0.018
1955,8.62625,0.1535833333333333,14.329083333333337,0.1795833333333333,2.861416666666667,0.1878333333333333,15.174333333333337,0.0880833333333333,2746072064.0,107.566,7443.244,653.275,9.621,13628.81,,96.836,547.229,6185.564,,,2311.864,6.968,0.115,0.301,0.434,0.019
1956,8.279583333333333,0.1208333333333333,14.023666666666664,0.1618333333333333,2.56175,0.2035,15.106000000000002,0.0796666666666666,2801002752.0,116.624,7924.253,481.009,6.462,14315.245,,108.174,587.229,6390.993,,,2508.048,7.042,0.118,0.307,0.445,0.019
1957,8.7325,0.158,14.381916666666667,0.1204166666666666,3.001,0.15575,15.374083333333331,0.0844166666666666,2857866752.0,122.61,8185.547,261.294,3.297,14768.167,,106.386,646.666,6582.621,,,2621.266,6.822,0.122,0.314,0.455,0.02
1958,8.77375,0.1043333333333333,14.4775,0.161,3.1145,0.1725833333333333,15.382083333333334,0.0745,2916108032.0,129.775,8417.624,232.077,2.835,15192.604,,95.115,705.825,6774.98,,,2726.365,6.161,0.126,0.32,0.467,0.02
1959,8.732666666666667,0.1071666666666666,14.4165,0.1500833333333333,3.1085833333333333,0.1491666666666666,15.3405,0.0739166666666666,2970292224.0,145.336,8856.221,438.597,5.21,15960.473,,91.694,758.226,7104.252,,,2904.649,8.289,0.13,0.328,0.479,0.021
1960,8.58375,0.0934999999999999,14.317416666666666,0.1494166666666666,2.932583333333333,0.1375833333333333,15.291916666666667,0.0693333333333333,3019233536.0,157.493,9387.668,531.448,6.001,15955.755,,89.14,834.527,6568.086,,,3126.444,27.507,0.135,0.335,0.491,0.021
1961,8.797666666666666,0.0969999999999999,14.514916666666666,0.1657499999999999,3.12875,0.18175,15.379916666666666,0.0671666666666666,3068370688.0,164.229,9418.46,30.792,0.328,15524.516,,86.218,882.007,6106.056,,,3313.503,29.219,0.139,0.342,0.503,0.022
1962,8.745916666666666,0.1329166666666666,14.54016666666667,0.1589166666666666,3.0085833333333336,0.2044166666666666,15.325583333333334,0.0725,3126686720.0,176.443,9751.06,332.599,3.531,15643.748,,85.931,967.683,5892.689,,,3561.94,30.277,0.144,0.349,0.515,0.023
1963,8.856,0.0923333333333333,14.61225,0.15275,3.1575833333333336,0.1824166666666666,15.376666666666669,0.0683333333333333,3195779328.0,186.06,10271.655,520.595,5.339,15924.23,,90.506,1046.822,5652.575,,,3806.973,31.751,0.148,0.356,0.528,0.023
1964,8.409666666666666,0.0925,14.156833333333331,0.1563333333333333,2.7688333333333333,0.157,15.117083333333332,0.0651666666666666,3267212288.0,206.22,10829.612,557.957,5.432,16305.338,,112.792,1152.86,5475.726,,,4107.569,34.98,0.153,0.363,0.54,0.024
1965,8.527416666666666,0.1088333333333333,14.268416666666669,0.1845,2.841416666666667,0.1951666666666666,15.195750000000002,0.0672499999999999,3337112064.0,216.49,11317.596,487.984,4.506,16384.297,,130.443,1230.538,5066.701,,,4412.375,34.532,0.158,0.371,0.554,0.025
1966,8.599333333333332,0.09225,14.325916666666666,0.12725,2.8994166666666668,0.1340833333333333,15.264666666666663,0.0636666666666666,3406416896.0,233.053,11866.934,549.337,4.854,16714.65,,144.566,1339.839,4847.716,,,4761.953,36.221,0.164,0.378,0.567,0.025
1967,8.700083333333334,0.0836666666666666,14.4065,0.1259166666666666,3.0370833333333334,0.15175,15.294166666666667,0.05925,3475448064.0,239.908,12244.029,377.096,3.178,17168.934,,190.783,1432.946,4924.904,,,5077.08,37.2,0.169,0.386,0.581,0.026
1968,8.516333333333334,0.1116666666666666,14.16425,0.1305833333333333,2.85725,0.1515,15.263916666666669,0.0601666666666666,3546810880.0,255.398,12910.892,666.863,5.446,17888.312,,203.8,1559.571,4977.422,,,5530.292,38.593,0.175,0.394,0.596,0.027
1969,8.595083333333333,0.0851666666666666,14.212083333333332,0.1515,2.962916666666666,0.1957499999999999,15.3905,0.0551666666666666,3620655360.0,270.791,13767.398,856.506,6.634,18433.381,,244.035,1708.518,4665.982,,,5980.509,41.708,0.181,0.402,0.611,0.028
1970,8.700916666666666,0.0755833333333333,14.40325,0.1318333333333333,3.04275,0.1216666666666666,15.332666666666666,0.05325,3695390208.0,288.411,14898.716,1131.317,8.217,19497.402,,277.745,1790.679,4598.686,,,6801.259,44.35,0.187,0.411,0.626,0.028
1971,8.59925,0.0979166666666666,14.35275,0.1496666666666666,2.96225,0.1580833333333333,15.2,0.0561666666666666,3770163200.0,303.345,15505.496,606.78,4.073,20091.359,,321.427,1933.313,4585.863,,,7202.926,44.661,0.192,0.42,0.642,0.029
1972,8.499583333333334,0.0953333333333333,14.164916666666668,0.1414166666666666,2.8448333333333338,0.1620833333333333,15.292916666666668,0.0558333333333333,3844800768.0,321.547,16228.729,723.234,4.664,20819.232,,346.87,2052.041,4590.503,,,7766.614,48.072,0.198,0.43,0.658,0.03
1973,8.94825,0.1007499999999999,14.566,0.13125,3.3701666666666665,0.12,15.40475,0.0549166666666666,3920251392.0,340.512,17086.193,857.464,5.284,21533.803,,402.142,2203.89,4447.608,,,8225.938,51.627,0.204,0.439,0.674,0.031
1974,8.4675,0.1045,14.081916666666666,0.1226666666666666,2.900916666666667,0.1185833333333333,15.168083333333334,0.0562499999999999,3995516928.0,341.033,17017.477,-68.718,-0.402,21338.432,,391.347,2258.999,4320.955,,,8107.899,52.388,0.21,0.449,0.69,0.032
1975,8.744833333333334,0.0970833333333333,14.383666666666668,0.13325,3.121083333333333,0.12775,15.238666666666669,0.0553333333333333,4069437184.0,339.117,17054.627,37.151,0.218,21424.682,,336.685,2255.543,4370.053,,,8039.023,47.169,0.216,0.459,0.707,0.033
1976,8.34725,0.1005833333333333,14.008,0.15075,2.734166666666667,0.1430833333333333,15.131083333333336,0.0574166666666666,4142505728.0,354.146,17991.887,937.26,5.496,22296.721,,395.391,2386.85,4304.834,,,8541.493,50.017,0.221,0.469,0.723,0.033
1977,8.85025,0.0846666666666666,14.4855,0.125,3.294583333333333,0.1429166666666666,15.40825,0.053,4215772416.0,370.868,18502.846,510.96,2.84,22910.027,,381.443,2441.085,4407.181,,,8842.06,49.692,0.227,0.479,0.74,0.034
1978,8.69275,0.1038333333333333,14.28125,0.1558333333333333,3.170916666666667,0.19175,15.300916666666666,0.0555,4289657600.0,394.692,19077.193,574.347,3.104,23300.564,,390.15,2550.346,4223.371,,,9159.137,51.076,0.232,0.489,0.757,0.035
1979,8.733416666666667,0.0864166666666666,14.45775,0.1555833333333333,3.2000833333333336,0.1678333333333333,15.414166666666668,0.0474999999999999,4365582848.0,399.877,19618.463,541.27,2.837,23677.932,,360.13,2688.997,4059.468,,,9276.707,52.464,0.237,0.5,0.774,0.036
1980,8.980333333333332,0.1066666666666666,14.672916666666666,0.1525833333333333,3.404666666666667,0.1500833333333333,15.491833333333332,0.0536666666666666,4444007936.0,402.62,19501.264,-117.201,-0.597,23585.891,,316.436,2758.101,4084.627,,,8951.775,48.202,0.242,0.511,0.79,0.037
1981,9.165833333333332,0.08725,14.855166666666667,0.1389166666666666,3.635916666666666,0.1474166666666666,15.516166666666669,0.0523333333333333,4524627456.0,402.748,19036.117,-465.146,-2.385,23427.91,,237.163,2794.347,4391.792,,,8550.305,46.672,0.247,0.521,0.806,0.038
1982,8.639166666666666,0.0826666666666666,14.300916666666666,0.171,3.2399166666666663,0.2070833333333333,15.341916666666668,0.05475,4607984640.0,400.937,18884.486,-151.63,-0.797,23293.379,,235.575,2731.273,4408.892,,,8345.176,45.013,0.252,0.532,0.822,0.039
1983,9.028166666666666,0.0939999999999999,14.679833333333336,0.1146666666666666,3.5524166666666663,0.12425,15.52025,0.0558333333333333,4691884032.0,409.877,19006.539,122.053,0.646,23811.387,,212.847,2760.542,4804.848,,,8260.815,48.269,0.256,0.542,0.839,0.04
1984,8.691833333333333,0.1025833333333333,14.342666666666666,0.1340833333333333,3.18675,0.1303333333333333,15.344166666666666,0.0571666666666666,4775836160.0,417.703,19664.754,658.215,3.463,24970.838,,186.751,3010.426,5306.083,,,8328.841,52.236,0.26,0.554,0.855,0.041
1985,8.658,0.09325,14.267166666666668,0.1196666666666666,3.1756666666666664,0.1054166666666666,15.340666666666666,0.0539166666666666,4861730816.0,422.772,20325.486,660.732,3.36,25405.865,,181.447,3121.401,5080.38,,,8326.771,55.272,0.265,0.565,0.872,0.042
1986,8.833583333333333,0.085,14.516833333333333,0.1205,3.319333333333333,0.12825,15.384,0.05325,4950063104.0,440.349,20627.359,301.873,1.485,25744.014,,169.668,3045.544,5116.653,,,8576.334,59.649,0.269,0.577,0.889,0.043
1987,8.994416666666666,0.0851666666666666,14.699833333333336,0.11075,3.431416666666667,0.1445833333333333,15.524500000000002,0.0533333333333333,5040984576.0,459.192,21273.904,646.545,3.134,26386.771,,163.007,3305.28,5112.868,,,8654.659,74.406,0.273,0.588,0.906,0.044
1988,9.201583333333334,0.0800833333333333,14.89,0.1336666666666666,3.654,0.1114999999999999,15.555750000000002,0.05325,5132294144.0,483.609,22107.795,833.89,3.92,27166.314,,185.509,3466.022,5058.519,,,8972.672,89.163,0.277,0.601,0.923,0.045
1989,8.921999999999999,0.088,14.6215,0.1118333333333333,3.3343333333333334,0.1291666666666666,15.441583333333334,0.0559166666666666,5223704064.0,493.5,22410.402,302.606,1.369,27279.248,,150.68,3639.817,4868.846,,,9130.08,86.709,0.281,0.613,0.94,0.046
1990,9.234166666666669,0.0863333333333333,14.957666666666668,0.1298333333333333,3.65875,0.11975,15.629333333333332,0.05725,5316175872.0,493.854,22757.48,347.079,1.549,27634.754,22757.48,267.859,3833.133,4877.272,6909.03,2368.97,9249.362,224.611,0.285,0.625,0.958,0.047
1991,9.179416666666668,0.0620833333333333,14.839583333333335,0.10125,3.6221666666666663,0.1056666666666666,15.598,0.0550833333333333,5406245888.0,507.751,23244.807,487.326,2.141,28002.021,23244.807,282.965,3909.677,4757.215,6918.61,2356.09,9723.43,216.948,0.289,0.638,0.976,0.048
1992,8.836583333333333,0.0833333333333333,14.471333333333334,0.0989999999999999,3.2635,0.1025,15.453,0.0581666666666666,5492686336.0,528.942,22580.023,-664.783,-2.86,27470.73,22580.023,250.482,3958.12,4890.708,6895.23,2348.92,9226.139,217.334,0.293,0.65,0.993,0.049
1993,8.866583333333333,0.0813333333333333,14.519750000000002,0.0785,3.2845833333333334,0.1063333333333333,15.466416666666667,0.0591666666666666,5577433600.0,551.512,22812.9,232.878,1.031,27689.318,22812.898,244.056,4067.061,4876.417,6914.18,2332.62,9232.772,216.552,0.297,0.663,1.01,0.05
1994,9.03875,0.0709166666666666,14.72925,0.10925,3.3960833333333333,0.12675,15.534999999999998,0.0585833333333333,5660727808.0,588.461,22969.498,156.596,0.686,28265.32,22969.498,248.054,4102.083,5295.823,6958.84,2424.1,9265.657,216.615,0.3,0.676,1.027,0.051
1995,9.347083333333334,0.0764166666666666,15.026416666666668,0.1325833333333333,3.7035,0.158,15.637833333333331,0.0604166666666666,5743219712.0,622.443,23458.713,489.216,2.13,28746.965,23458.713,244.935,4209.968,5288.251,7032.09,2479.91,9363.846,223.54,0.304,0.689,1.045,0.052
1996,9.038916666666667,0.0847499999999999,14.73725,0.1179166666666666,3.3811666666666667,0.1124166666666666,15.524666666666668,0.0595,5825145344.0,635.312,24159.383,700.67,2.987,29444.461,24159.381,247.175,4395.992,5285.076,7037.11,2493.52,9643.209,221.901,0.308,0.702,1.063,0.053
1997,9.202583333333331,0.0885833333333333,14.868,0.1206666666666666,3.5901666666666663,0.1115,15.713833333333334,0.0591666666666666,5906481152.0,661.232,24302.584,143.2,0.593,31407.445,24302.584,250.794,4412.478,7104.863,7268.6,2480.57,9786.86,223.678,0.311,0.716,1.081,0.054
1998,9.522666666666668,0.0739166666666666,15.169416666666663,0.10475,3.9491666666666663,0.1249166666666666,15.826,0.063,5987312640.0,658.611,24213.26,-89.324,-0.368,29699.977,24213.262,240.252,4484.475,5486.718,7159.87,2510.94,9883.467,220.47,0.314,0.729,1.099,0.056
1999,9.285083333333334,0.07925,14.98275,0.09675,3.662333333333333,0.1135,15.600333333333332,0.0633333333333333,6067758592.0,691.01,24732.389,519.129,2.144,30221.426,24732.387,232.748,4621.802,5489.038,7112.04,2498.22,10112.427,219.213,0.317,0.743,1.117,0.057
2000,9.201166666666667,0.0835,14.898833333333334,0.1226666666666666,3.581833333333333,0.1154166666666666,15.610666666666669,0.0635,6148898816.0,721.927,25453.623,721.234,2.916,30569.545,25453.621,278.928,4731.291,5115.921,7124.0,2490.42,10302.091,216.267,0.321,0.757,1.135,0.058
2001,9.414583333333333,0.0874166666666666,15.159166666666666,0.10375,3.7406666666666655,0.1200833333333333,15.7675,0.0645833333333333,6230747136.0,754.332,25668.049,214.426,0.842,30407.066,25668.049,281.128,4773.585,4739.018,7062.72,2512.18,10390.669,213.078,0.324,0.77,1.153,0.059
2002,9.570416666666668,0.0724166666666666,15.312333333333331,0.1240833333333333,3.8645833333333335,0.1171666666666666,15.829166666666667,0.0629166666666666,6312407552.0,796.052,26281.037,612.989,2.388,31458.27,26281.037,298.554,4905.854,5177.232,7199.6,2570.02,10385.864,215.754,0.328,0.784,1.172,0.06
2003,9.525583333333334,0.0906666666666666,15.249333333333333,0.11375,3.8515833333333336,0.1261666666666666,15.826583333333334,0.0643333333333333,6393898496.0,852.253,27651.596,1370.558,5.215,33304.418,27651.596,299.376,5081.468,5652.819,7262.51,2604.75,10679.654,220.382,0.332,0.799,1.192,0.061
2004,9.324583333333331,0.0834166666666666,15.018,0.1090833333333333,3.6644166666666655,0.1059166666666666,15.75725,0.06125,6475751424.0,910.566,28636.695,985.098,3.563,33998.957,28636.695,323.803,5257.19,5362.264,7505.18,2687.85,11042.505,231.047,0.336,0.815,1.213,0.062
2005,9.700916666666666,0.0751666666666666,15.349833333333336,0.1130833333333333,4.113833333333333,0.1120833333333333,15.87925,0.0608333333333333,6558176256.0,964.306,29614.602,977.908,3.415,34331.27,29614.602,345.094,5380.666,4716.667,7556.28,2701.33,11139.399,241.802,0.34,0.83,1.233,0.063
2006,9.5325,0.09,15.262,0.1495833333333333,3.864833333333333,0.1383333333333333,15.8135,0.061,6641416192.0,1051.669,30593.117,978.516,3.304,35666.414,30593.115,346.86,5506.809,5073.296,7749.95,2733.12,11246.321,252.617,0.344,0.846,1.255,0.064
2007,9.732166666666666,0.0895,15.533083333333332,0.1288333333333333,4.00925,0.1371666666666666,15.827333333333334,0.0590833333333333,6725948416.0,1129.389,31506.789,913.67,2.987,35943.77,31506.791,363.985,5694.134,4436.982,7729.96,2802.95,11283.665,259.255,0.349,0.862,1.277,0.066
2008,9.43175,0.0789166666666666,15.19175,0.1035,3.724833333333333,0.1298333333333333,15.72125,0.05725,6811597312.0,1143.738,32085.836,579.047,1.838,36728.855,32085.838,374.074,5864.291,4643.021,7782.22,2775.36,11251.325,259.611,0.353,0.879,1.299,0.067
2009,9.50525,0.0859166666666666,15.266583333333337,0.10775,3.7969166666666654,0.1259999999999999,15.827166666666663,0.0589166666666666,6898306048.0,1175.73,31564.031,-521.804,-1.626,36597.754,31564.029,379.402,5751.954,5033.726,7812.91,2769.55,10996.948,243.568,0.357,0.895,1.32,0.068
2010,9.703083333333334,0.0834166666666666,15.449,0.1034166666666666,4.023916666666667,0.1156666666666666,15.895499999999998,0.0585833333333333,6985603072.0,1254.878,33364.348,1800.315,5.704,38202.047,33364.348,381.65,6195.344,4837.702,7909.88,2845.37,11359.883,245.971,0.361,0.913,1.343,0.069
2011,9.516,0.0819999999999999,15.284833333333331,0.1143333333333333,3.827666666666666,0.1365833333333333,15.7695,0.059,7073125376.0,1349.8,34487.012,1122.667,3.365,39451.125,34487.008,370.28,6366.902,4964.109,8050.43,2914.6,11388.086,274.819,0.366,0.93,1.366,0.07
2012,9.507333333333332,0.0834166666666666,15.332833333333332,0.1073333333333333,3.756166666666666,0.1453333333333333,15.802333333333335,0.0615,7161697792.0,1384.57,35006.27,519.258,1.506,39833.223,35006.266,380.351,6500.594,4826.954,8141.11,2937.79,11541.707,276.285,0.37,0.948,1.39,0.072
2013,9.6065,0.0976666666666666,15.373833333333335,0.1155,3.911333333333333,0.1498333333333333,15.854416666666667,0.0646666666666666,7250593280.0,1444.086,35319.203,312.93,0.894,39947.32,35319.203,387.535,6542.527,4628.121,8109.3,2918.25,11626.445,294.121,0.375,0.966,1.414,0.073
2014,9.570666666666666,0.0901666666666666,15.313583333333334,0.1116666666666666,3.87775,0.1389999999999999,15.912999999999998,0.0631666666666666,7339013632.0,1499.912,35577.535,258.335,0.731,40495.234,35577.531,387.902,6654.555,4917.699,8266.81,2963.01,11678.782,304.87,0.38,0.985,1.439,0.074
2015,9.831,0.0921666666666666,15.572666666666668,0.1065,4.148833333333333,0.14175,16.058583333333335,0.0608333333333333,7426597376.0,1444.436,35558.566,-18.969,-0.053,40944.281,35558.562,383.534,6788.074,5385.714,8315.91,2995.51,11929.665,302.769,0.385,1.003,1.463,0.075
